mjd_start,freq,nsamp,nvfc
55805.25552,847.4576271,127050,2